<?xml version="1.0" encoding="UTF-8"?>
<web-app xmlns:xsi="http://www.w3.org/2001/XMLSchema-instance"
    xmlns="http://xmlns.jcp.org/xml/ns/javaee"
    xsi:schemaLocation="http://xmlns.jcp.org/xml/ns/javaee http://xmlns.jcp.org/xml/ns/javaee/web-app_4_0.xsd"
    id="WebApp_ID" version="4.0">
    <display-name>WebSocketApp</display-name>
    <welcome-file-list>
        <welcome-file>index.html</welcome-file>
    </welcome-file-list>
    <servlet>
        <servlet-name>WebSocketServlet</servlet-name>
        <servlet-class>org.apache.tomcat.websocket.server.WsSci</servlet-class>
        <init-param>
            <param-name>org.apache.tomcat.websocket.textBufferSize</param-name>
            <param-value>32768</param-value>
        </init-param>
        <init-param>
            <param-name>org.apache.tomcat.websocket.binaryBufferSize</param-name>
            <param-value>32768</param-value>
        </init-param>
        <load-on-startup>1</load-on-startup>
    </servlet>
    <servlet-mapping>
        <servlet-name>WebSocketServlet</servlet-name>
        <url-pattern>/websocket/*</url-pattern>
    </servlet-mapping>
    <context-param>
        <param-name>CHAT-ADDR</param-name>
        <param-value>ws://210.114.1.134:9090/group5</param-value>
    </context-param>
</web-app>
